Amplitude,RR,Velocidade,Idade,Sexo,Remedios,Arritmia
0.515583035349838,0.561111111155924,0.918860855005535,89,M,No,(B
