Amplitude,RR,Arritmia
0.93135194778516,0.813888888954,(N
0.926876459122476,0.813888888954,(N
0.874315646291656,0.813888888954,(N
0.799793662429672,0.788888888952,(N
0.751938339770646,0.788888888952,(N
0.811479187906615,0.788888888952,(N
0.905821252466078,0.816666666732,(N
0.83536182493051,0.65277777783,(N
0.656436218322125,0.991666666746,(N
0.836694837511419,0.841666666734,(N
0.843500491977559,0.808333333398,(N
0.789681797624428,0.794444444507999,(N
