Amplitude,RR,Arritmia
0.788297799825734,1.566666666792,(VT
