Amplitude,RR,Velocidade,Idade,Sexo,Remedios,Arritmia
0.788297799825732,0.600000000048006,1.3138296662711,89,F,Yes,(VT
