Amplitude,RR,Arritmia
0.737444937825219,0.513888888929955,(VT
