Amplitude,RR,Arritmia
0.865192606449718,1.094444444532,(VT
0.85066815227293,1.31666666677199,(VT
1.54799075812124,0.886111111182117,(VT
1.00391340464361,1.01388888896986,(VT
0.786591992080545,0.950000000075988,(VT
