Amplitude,RR,Arritmia
0.54584383815529,0.575000000045975,(VT
0.656200265288359,0.66944444453799,(VT
0.544814887642866,0.630555555605952,(VT
