Amplitude,RR,Velocidade,Idade,Sexo,Remedios,Arritmia
0.890212152004827,0.986111111189999,0.90275035125662,64,M,Yes,(VT
1.68303393185154,0.930555555629894,1.80863347886015,64,M,Yes,(VT
1.69040087044283,1.02222222230398,1.65365302530095,64,M,Yes,(VT
0.780348707736086,1.02777777785991,0.759258202060923,64,M,Yes,(VT
1.96766896933364,1.09444444453197,1.79787012412045,64,M,Yes,(VT
2.08806728094867,0.97777777785609,2.13552335534464,64,M,Yes,(VT
