Amplitude,RR,Velocidade,Idade,Sexo,Remedios,Arritmia
1.05905691176695,0.647222222273967,1.63631110817863,53,M,Yes,(VT
