Amplitude,RR,Velocidade,Idade,Sexo,Remedios,Arritmia
0.737444937825219,0.513888888929955,1.43502798700467,61,M,Yes,(VT
