Amplitude,RR,Arritmia
1.05905691176695,0.647222222273967,(VT
