Amplitude,RR,Velocidade,Idade,Sexo,Remedios,Arritmia
1.34063239276462,1.09166666675401,1.22806020701438,73,M,No,(VT
1.69065821111226,0.73888888894794,2.28810885696155,73,M,No,(VT
1.9354971423748,0.708333333389874,2.73246655372279,73,M,No,(VT
