Amplitude,RR,Velocidade,Idade,Sexo,Remedios,Arritmia
0.865192606449718,1.094444444532,0.790531315474572,57,M,Yes,(VT
0.85066815227293,1.05555555564001,0.805896144194084,57,M,Yes,(VT
1.54799075812124,0.605555555604042,2.55631501320654,57,M,Yes,(VT
1.00391340464361,0.619444444493865,1.62066737956442,57,M,Yes,(VT
0.786591992080545,0.630555555605952,1.24745866575491,57,M,Yes,(VT
