Amplitude,RR,Velocidade,Idade,Sexo,Remedios,Arritmia
0.54584383815529,0.575000000045975,0.949293631498515,59,M,Yes,(VT
0.656200265288359,1.16944444453799,0.561121366947538,59,M,Yes,(VT
0.544814887642866,0.630555555605952,0.864023610289675,59,M,Yes,(VT
