Amplitude,RR,Arritmia
1.61093017816581,0.694444444499993,(VT
