Amplitude,RR,Velocidade,Idade,Sexo,Remedios,Arritmia
1.61093017816581,0.694444444499993,2.31973945637321,81,M,No,(VT
