Amplitude,RR,Arritmia
1.34063239276462,1.09166666675401,(VT
1.69065821111226,0.73888888894794,(VT
1.9354971423748,0.708333333389874,(VT
