Amplitude,RR,Arritmia
0.890212152004827,0.986111111189999,(VT
1.68303393185154,0.930555555629894,(VT
1.69040087044283,1.02222222230398,(VT
0.780348707736086,1.02777777785991,(VT
1.96766896933364,1.09444444453197,(VT
2.08806728094867,0.97777777785609,(VT
